"HITId","HITTypeId","Title","Description","Keywords","Reward","CreationTime","MaxAssignments","RequesterAnnotation","AssignmentDurationInSeconds","AutoApprovalDelayInSeconds","Expiration","NumberOfSimilarHITs","LifetimeInSeconds","AssignmentId","WorkerId","AssignmentStatus","AcceptTime","SubmitTime","AutoApprovalTime","ApprovalTime","RejectionTime","RequesterFeedback","WorkTimeInSeconds","LifetimeApprovalRate","Last30DaysApprovalRate","Last7DaysApprovalRate","Input.Title","Answer.General_Knowledge","Answer.Social_Likert","Answer.age","Answer.comment","Answer.father_education","Answer.hours_per_week","Answer.know_anyone","Answer.mother_education","Answer.own_education","Answer.own_income","Answer.p_score","Answer.prestige","Answer.questions[37020]","Answer.race","Answer.volume_trend","Answer.wage","Answer.wage_selection_history","Approve","Reject"
"2HY5R98D8J3VIP2UZ1EYFG3MOG5FVD","2CDI62NJQ2176HFBXPXBNLCVEPRNVR","Offer your opinions about a number of occupations","For each occupation, tell me some of your opinions about that occupatation (no research required)","survey, quick easy","$0.12","Thu Jan 02 23:06:02 GMT 2014","10","BatchId:1375124;","3600","28800","Thu Jan 09 23:06:02 GMT 2014","","","211Y8TNKIMZSQNQHO0TOP0PGLW1AXF","A1FQ1XLPXHS3LX","Submitted","Thu Jan 02 23:15:29 GMT 2014","Thu Jan 02 23:16:14 GMT 2014","Thu Jan 02 23:16:14 PST 2014","","","","45","0% (0/0)","0% (0/0)","0% (0/0)","Retail Salespersons","2","1","|","","","40","0","","","","75","2","","","GoDown","8","8;"
"2HY5R98D8J3VIP2UZ1EYFG3MOG5FVD","2CDI62NJQ2176HFBXPXBNLCVEPRNVR","Offer your opinions about a number of occupations","For each occupation, tell me some of your opinions about that occupatation (no research required)","survey, quick easy","$0.12","Thu Jan 02 23:06:02 GMT 2014","10","BatchId:1375124;","3600","28800","Thu Jan 09 23:06:02 GMT 2014","","","22RVXX2Q45UUO8U0NV9W4NS8EXX9R2","A168LFJNV9DSTS","Submitted","Thu Jan 02 23:07:27 GMT 2014","Thu Jan 02 23:09:01 GMT 2014","Thu Jan 02 23:09:01 PST 2014","","","","94","0% (0/0)","0% (0/0)","0% (0/0)","Retail Salespersons","5","3","2|2","","1","30","3_10","1","4","0","75","3","1","0","GoDown","9","9;"
"2HY5R98D8J3VIP2UZ1EYFG3MOG5FVD","2CDI62NJQ2176HFBXPXBNLCVEPRNVR","Offer your opinions about a number of occupations","For each occupation, tell me some of your opinions about that occupatation (no research required)","survey, quick easy","$0.12","Thu Jan 02 23:06:02 GMT 2014","10","BatchId:1375124;","3600","28800","Thu Jan 09 23:06:02 GMT 2014","","","247J51Y7QEOZJGWU8KJTPOFXHUPCFR","A341G96EYJLBKF","Submitted","Thu Jan 02 23:13:14 GMT 2014","Thu Jan 02 23:13:38 GMT 2014","Thu Jan 02 23:13:38 PST 2014","","","","24","0% (0/0)","0% (0/0)","0% (0/0)","Retail Salespersons","5","5","|","","","45","10_plus","","","","100","4","","","StayTheSame","12","12;"
"2HY5R98D8J3VIP2UZ1EYFG3MOG5FVD","2CDI62NJQ2176HFBXPXBNLCVEPRNVR","Offer your opinions about a number of occupations","For each occupation, tell me some of your opinions about that occupatation (no research required)","survey, quick easy","$0.12","Thu Jan 02 23:06:02 GMT 2014","10","BatchId:1375124;","3600","28800","Thu Jan 09 23:06:02 GMT 2014","","","2AGHOVR14IXKSKRB9P5CZA6XTFM87E","AGU3P5LLHVI5X","Submitted","Thu Jan 02 23:15:45 GMT 2014","Thu Jan 02 23:16:08 GMT 2014","Thu Jan 02 23:16:08 PST 2014","","","","23","0% (0/0)","0% (0/0)","0% (0/0)","Retail Salespersons","5","5","|","","","25","3_10","","","","75","1","","","StayTheSame","8","9;8;"
"2SVPGFL6VCPW3RXPK49OY1S74J0L6X","2CDI62NJQ2176HFBXPXBNLCVEPRNVR","Offer your opinions about a number of occupations","For each occupation, tell me some of your opinions about that occupatation (no research required)","survey, quick easy","$0.12","Thu Jan 02 23:06:02 GMT 2014","10","BatchId:1375124;","3600","28800","Thu Jan 09 23:06:02 GMT 2014","","","2UEN9U8P9Y38XE2ZPBJU1IM09A8FW4","A27PBC5O3Z5ZED","Submitted","Thu Jan 02 23:15:04 GMT 2014","Thu Jan 02 23:15:33 GMT 2014","Thu Jan 02 23:15:33 PST 2014","","","","29","0% (0/0)","0% (0/0)","0% (0/0)","Secretaries and Administrative Assistants","3","4","|","","","40","2","","","","25","4","","","StayTheSame","18","18;"
"2SVPGFL6VCPW3RXPK49OY1S74J0L6X","2CDI62NJQ2176HFBXPXBNLCVEPRNVR","Offer your opinions about a number of occupations","For each occupation, tell me some of your opinions about that occupatation (no research required)","survey, quick easy","$0.12","Thu Jan 02 23:06:02 GMT 2014","10","BatchId:1375124;","3600","28800","Thu Jan 09 23:06:02 GMT 2014","","","2W6GOOGQSCM6MSG4ZM9UXU00E7HFF5","A2E3EUMMTWZEIO","Submitted","Thu Jan 02 23:14:34 GMT 2014","Thu Jan 02 23:15:03 GMT 2014","Thu Jan 02 23:15:03 PST 2014","","","","29","0% (0/0)","0% (0/0)","0% (0/0)","Secretaries and Administrative Assistants","2","3","|","","","35","3_10","","","","10","5","","","GoDown","12","12;"
"2SVPGFL6VCPW3RXPK49OY1S74J0L6X","2CDI62NJQ2176HFBXPXBNLCVEPRNVR","Offer your opinions about a number of occupations","For each occupation, tell me some of your opinions about that occupatation (no research required)","survey, quick easy","$0.12","Thu Jan 02 23:06:02 GMT 2014","10","BatchId:1375124;","3600","28800","Thu Jan 09 23:06:02 GMT 2014","","","2WL6YTWX4H3H67H6KH0GL6IJHS2Y3C","A1FP3SH704X01V","Submitted","Thu Jan 02 23:15:16 GMT 2014","Thu Jan 02 23:15:52 GMT 2014","Thu Jan 02 23:15:52 PST 2014","","","","36","100% (7/7)","100% (1/1)","100% (1/1)","Secretaries and Administrative Assistants","2","2","1|0","","0","30","0","0","1","1","10","7","1","0","StayTheSame","12","12;"
"2GH2MIKMN9U8TR45F1NW0I3S6UFAR2","2CDI62NJQ2176HFBXPXBNLCVEPRNVR","Offer your opinions about a number of occupations","For each occupation, tell me some of your opinions about that occupatation (no research required)","survey, quick easy","$0.12","Thu Jan 02 23:06:02 GMT 2014","10","BatchId:1375124;","3600","28800","Thu Jan 09 23:06:02 GMT 2014","","","23UD5NQYN5F3UIPIC1PMQCWY1L67BB","A27PBC5O3Z5ZED","Submitted","Thu Jan 02 23:12:57 GMT 2014","Thu Jan 02 23:13:50 GMT 2014","Thu Jan 02 23:13:50 PST 2014","","","","53","0% (0/0)","0% (0/0)","0% (0/0)","Fast Food and Counter Workers","3","1","|","","","25","0","","","","25","1","","","StayTheSame","8","7;8;"
"2GH2MIKMN9U8TR45F1NW0I3S6UFAR2","2CDI62NJQ2176HFBXPXBNLCVEPRNVR","Offer your opinions about a number of occupations","For each occupation, tell me some of your opinions about that occupatation (no research required)","survey, quick easy","$0.12","Thu Jan 02 23:06:02 GMT 2014","10","BatchId:1375124;","3600","28800","Thu Jan 09 23:06:02 GMT 2014","","","276RSQV66RLPL0Z5O3NAYKI6S4GC43","A24UO1UN0P7O0M","Submitted","Thu Jan 02 23:09:33 GMT 2014","Thu Jan 02 23:12:02 GMT 2014","Thu Jan 02 23:12:02 PST 2014","","","","149","100% (3/3)","0% (0/0)","0% (0/0)","Fast Food and Counter Workers","3","4","5|1","I spent several years (but none of them recent) in such jobs.  It was $1.60/hour in 1970, but allowed a higher standard of living.","5","25","1","4","2","4","50","4","0","1","StayTheSame","9","9;"
"2GH2MIKMN9U8TR45F1NW0I3S6UFAR2","2CDI62NJQ2176HFBXPXBNLCVEPRNVR","Offer your opinions about a number of occupations","For each occupation, tell me some of your opinions about that occupatation (no research required)","survey, quick easy","$0.12","Thu Jan 02 23:06:02 GMT 2014","10","BatchId:1375124;","3600","28800","Thu Jan 09 23:06:02 GMT 2014","","","2CWE6AUBXHWSLPLNGHMB2WDRBE2Y21","A168LFJNV9DSTS","Submitted","Thu Jan 02 23:14:35 GMT 2014","Thu Jan 02 23:15:16 GMT 2014","Thu Jan 02 23:15:16 PST 2014","","","","41","0% (0/0)","0% (0/0)","0% (0/0)","Fast Food and Counter Workers","1","1","|","","","20","1","","","","25","1","","","GoUp","7","7;"
"2GH2MIKMN9U8TR45F1NW0I3S6UFAR2","2CDI62NJQ2176HFBXPXBNLCVEPRNVR","Offer your opinions about a number of occupations","For each occupation, tell me some of your opinions about that occupatation (no research required)","survey, quick easy","$0.12","Thu Jan 02 23:06:02 GMT 2014","10","BatchId:1375124;","3600","28800","Thu Jan 09 23:06:02 GMT 2014","","","2OJ9Y8TNKIMZW4BMMPJ2RM0P6CC9W5","A37WXDYYT7RCZ0","Submitted","Thu Jan 02 23:11:52 GMT 2014","Thu Jan 02 23:14:05 GMT 2014","Thu Jan 02 23:14:05 PST 2014","","","","133","0% (0/0)","0% (0/0)","0% (0/0)","Fast Food and Counter Workers","2","2","3|0","","1","35","1","1","5","0","10","2","0","0","StayTheSame","10","10;"
"2GH2MIKMN9U8TR45F1NW0I3S6UFAR2","2CDI62NJQ2176HFBXPXBNLCVEPRNVR","Offer your opinions about a number of occupations","For each occupation, tell me some of your opinions about that occupatation (no research required)","survey, quick easy","$0.12","Thu Jan 02 23:06:02 GMT 2014","10","BatchId:1375124;","3600","28800","Thu Jan 09 23:06:02 GMT 2014","","","2UXUFJ51Y7QESHL0X0SCVTMO5EPADD","A9310DDBK786Q","Submitted","Thu Jan 02 23:09:17 GMT 2014","Thu Jan 02 23:10:26 GMT 2014","Thu Jan 02 23:10:26 PST 2014","","","","69","0% (0/0)","0% (0/0)","0% (0/0)","Fast Food and Counter Workers","2","1","1|0","","6","35","1","6","4","4","0","2","1","1","GoUp","7","7;"
"2GH2MIKMN9U8TR45F1NW0I3S6UFAR2","2CDI62NJQ2176HFBXPXBNLCVEPRNVR","Offer your opinions about a number of occupations","For each occupation, tell me some of your opinions about that occupatation (no research required)","survey, quick easy","$0.12","Thu Jan 02 23:06:02 GMT 2014","10","BatchId:1375124;","3600","28800","Thu Jan 09 23:06:02 GMT 2014","","","2WS5BMJTUHYW6YZRGZ17V5WMRN6HMC","A3N1F27UIGEOGI","Submitted","Thu Jan 02 23:10:17 GMT 2014","Thu Jan 02 23:11:43 GMT 2014","Thu Jan 02 23:11:43 PST 2014","","","","86","0% (0/0)","0% (0/0)","0% (0/0)","Fast Food and Counter Workers","2","1","3|0","","4","30","0","5","5","4","10","2","1","0","GoUp","8","8;"
"2GH2MIKMN9U8TR45F1NW0I3S6UFAR2","2CDI62NJQ2176HFBXPXBNLCVEPRNVR","Offer your opinions about a number of occupations","For each occupation, tell me some of your opinions about that occupatation (no research required)","survey, quick easy","$0.12","Thu Jan 02 23:06:02 GMT 2014","10","BatchId:1375124;","3600","28800","Thu Jan 09 23:06:02 GMT 2014","","","2YI1SNQQ7Q674N7SRKER42TQ2IU9TF","A2E3EUMMTWZEIO","Submitted","Thu Jan 02 23:10:05 GMT 2014","Thu Jan 02 23:11:11 GMT 2014","Thu Jan 02 23:11:11 PST 2014","","","","66","0% (0/0)","0% (0/0)","0% (0/0)","Fast Food and Counter Workers","4","","1|2","","2","25","3_10","5","4","7","25","2","0","0","StayTheSame","8","7;8;"
"22H6R70G5R98HQP52MYWVSTNA8DAQ1","2CDI62NJQ2176HFBXPXBNLCVEPRNVR","Offer your opinions about a number of occupations","For each occupation, tell me some of your opinions about that occupatation (no research required)","survey, quick easy","$0.12","Thu Jan 02 23:06:02 GMT 2014","10","BatchId:1375124;","3600","28800","Thu Jan 09 23:06:02 GMT 2014","","","26NOX7H57DZKTXK6LO4HGM25BPG0AA","A341G96EYJLBKF","Submitted","Thu Jan 02 23:14:06 GMT 2014","Thu Jan 02 23:14:46 GMT 2014","Thu Jan 02 23:14:46 PST 2014","","","","40","0% (0/0)","0% (0/0)","0% (0/0)","Cashiers","5","4","|","","","35","10_plus","","","","100","2","","","StayTheSame","9","9;"
"22H6R70G5R98HQP52MYWVSTNA8DAQ1","2CDI62NJQ2176HFBXPXBNLCVEPRNVR","Offer your opinions about a number of occupations","For each occupation, tell me some of your opinions about that occupatation (no research required)","survey, quick easy","$0.12","Thu Jan 02 23:06:02 GMT 2014","10","BatchId:1375124;","3600","28800","Thu Jan 09 23:06:02 GMT 2014","","","2AJYNJ92NJKM4NHOQ1LH1W2GJ667CI","A1NK6UXWXKFMC7","Submitted","Thu Jan 02 23:13:25 GMT 2014","Thu Jan 02 23:15:43 GMT 2014","Thu Jan 02 23:15:43 PST 2014","","","","138","0% (0/0)","0% (0/0)","0% (0/0)","Cashiers","3","4","4|0","","4","15","3_10","1","1","8","50","4","1","5","GoDown","9","9;"
"22H6R70G5R98HQP52MYWVSTNA8DAQ1","2CDI62NJQ2176HFBXPXBNLCVEPRNVR","Offer your opinions about a number of occupations","For each occupation, tell me some of your opinions about that occupatation (no research required)","survey, quick easy","$0.12","Thu Jan 02 23:06:02 GMT 2014","10","BatchId:1375124;","3600","28800","Thu Jan 09 23:06:02 GMT 2014","","","2CD92HECWA6X7GUEJNRCS5KXFAFKJF","A168LFJNV9DSTS","Submitted","Thu Jan 02 23:11:28 GMT 2014","Thu Jan 02 23:12:32 GMT 2014","Thu Jan 02 23:12:32 PST 2014","","","","64","0% (0/0)","0% (0/0)","0% (0/0)","Cashiers","4","3","|","","","25","3_10","","","","50","3","","","StayTheSame","9","9;"
"22H6R70G5R98HQP52MYWVSTNA8DAQ1","2CDI62NJQ2176HFBXPXBNLCVEPRNVR","Offer your opinions about a number of occupations","For each occupation, tell me some of your opinions about that occupatation (no research required)","survey, quick easy","$0.12","Thu Jan 02 23:06:02 GMT 2014","10","BatchId:1375124;","3600","28800","Thu Jan 09 23:06:02 GMT 2014","","","2TMNU8LZ6R70KNXBFLZJ6VE7M9Q5LI","A15Q55LMYW7M1H","Submitted","Thu Jan 02 23:15:21 GMT 2014","Thu Jan 02 23:15:57 GMT 2014","Thu Jan 02 23:15:57 PST 2014","","","","36","0% (0/0)","0% (0/0)","0% (0/0)","Cashiers","3","3","|","","","30","3_10","","","","75","3","","","GoDown","9","9;"
"22H6R70G5R98HQP52MYWVSTNA8DAQ1","2CDI62NJQ2176HFBXPXBNLCVEPRNVR","Offer your opinions about a number of occupations","For each occupation, tell me some of your opinions about that occupatation (no research required)","survey, quick easy","$0.12","Thu Jan 02 23:06:02 GMT 2014","10","BatchId:1375124;","3600","28800","Thu Jan 09 23:06:02 GMT 2014","","","2ZNH8MZ9O9Z6OEA1TIQHKRRL57Y09V","A2E3EUMMTWZEIO","Submitted","Thu Jan 02 23:13:42 GMT 2014","Thu Jan 02 23:14:05 GMT 2014","Thu Jan 02 23:14:05 PST 2014","","","","23","0% (0/0)","0% (0/0)","0% (0/0)","Cashiers","4","4","|","","","25","3_10","","","","90","2","","","GoUp","8","8;"
"2ZCB2YU98JHSX3H5S86BM9IONFANBL","2CDI62NJQ2176HFBXPXBNLCVEPRNVR","Offer your opinions about a number of occupations","For each occupation, tell me some of your opinions about that occupatation (no research required)","survey, quick easy","$0.12","Thu Jan 02 23:06:02 GMT 2014","10","BatchId:1375124;","3600","28800","Thu Jan 09 23:06:02 GMT 2014","","","224GW40SPW1IR4NI5YVJ6NABWSD0DC","A341G96EYJLBKF","Submitted","Thu Jan 02 23:15:25 GMT 2014","Thu Jan 02 23:15:51 GMT 2014","Thu Jan 02 23:15:51 PST 2014","","","","26","0% (0/0)","0% (0/0)","0% (0/0)","Laborers and Material Movers","2","4","|","","","40","3_10","","","","100","4","","","GoUp","16","16;"
"2ZCB2YU98JHSX3H5S86BM9IONFANBL","2CDI62NJQ2176HFBXPXBNLCVEPRNVR","Offer your opinions about a number of occupations","For each occupation, tell me some of your opinions about that occupatation (no research required)","survey, quick easy","$0.12","Thu Jan 02 23:06:02 GMT 2014","10","BatchId:1375124;","3600","28800","Thu Jan 09 23:06:02 GMT 2014","","","2D5HJHP4BDDKKM4AY0O903G3VOTY52","A17Z6G1TRE4322","Submitted","Thu Jan 02 23:15:28 GMT 2014","Thu Jan 02 23:15:54 GMT 2014","Thu Jan 02 23:15:54 PST 2014","","","","26","0% (0/0)","0% (0/0)","0% (0/0)","Laborers and Material Movers","3","3","|","","","50","0","","","","0","5","","","GoUp","18","18;"
"2F736XBAT2D5R84PCNUQ3JG55UJ04I","2CDI62NJQ2176HFBXPXBNLCVEPRNVR","Offer your opinions about a number of occupations","For each occupation, tell me some of your opinions about that occupatation (no research required)","survey, quick easy","$0.12","Thu Jan 02 23:06:02 GMT 2014","10","BatchId:1375124;","3600","28800","Thu Jan 09 23:06:02 GMT 2014","","","24DF395SW6NG5XY5U6EJEYF15GQFTE","A168LFJNV9DSTS","Submitted","Thu Jan 02 23:13:45 GMT 2014","Thu Jan 02 23:14:35 GMT 2014","Thu Jan 02 23:14:35 PST 2014","","","","50","0% (0/0)","0% (0/0)","0% (0/0)","Building Cleaning Workers","1","1","|","","","35","0","","","","10","2","","","GoUp","12","12;"
"2F736XBAT2D5R84PCNUQ3JG55UJ04I","2CDI62NJQ2176HFBXPXBNLCVEPRNVR","Offer your opinions about a number of occupations","For each occupation, tell me some of your opinions about that occupatation (no research required)","survey, quick easy","$0.12","Thu Jan 02 23:06:02 GMT 2014","10","BatchId:1375124;","3600","28800","Thu Jan 09 23:06:02 GMT 2014","","","299HRRLFQ0ONRDXJ8S8OCEGR1O3QH8","A341G96EYJLBKF","Submitted","Thu Jan 02 23:14:46 GMT 2014","Thu Jan 02 23:15:24 GMT 2014","Thu Jan 02 23:15:24 PST 2014","","","","38","0% (0/0)","0% (0/0)","0% (0/0)","Building Cleaning Workers","1","1","|","","","40","0","","","","50","2","","","StayTheSame","10","10;"
"2F736XBAT2D5R84PCNUQ3JG55UJ04I","2CDI62NJQ2176HFBXPXBNLCVEPRNVR","Offer your opinions about a number of occupations","For each occupation, tell me some of your opinions about that occupatation (no research required)","survey, quick easy","$0.12","Thu Jan 02 23:06:02 GMT 2014","10","BatchId:1375124;","3600","28800","Thu Jan 09 23:06:02 GMT 2014","","","2C21QP6AUC26HYC9K9O3Y0FKQTM81H","A15Q55LMYW7M1H","Submitted","Thu Jan 02 23:14:09 GMT 2014","Thu Jan 02 23:14:50 GMT 2014","Thu Jan 02 23:14:50 PST 2014","","","","41","0% (0/0)","0% (0/0)","0% (0/0)","Building Cleaning Workers","4","4","|","","","40","3_10","","","","50","2","","","StayTheSame","9","9;"
"27A1CSTMOFXRHAAKJ95YGNXJRIXSPN","2CDI62NJQ2176HFBXPXBNLCVEPRNVR","Offer your opinions about a number of occupations","For each occupation, tell me some of your opinions about that occupatation (no research required)","survey, quick easy","$0.12","Thu Jan 02 23:06:02 GMT 2014","10","BatchId:1375124;","3600","28800","Thu Jan 09 23:06:02 GMT 2014","","","28ZQEOZFYQS1GAZOVNORGS4I2IBKHA","A9K0CV70JWG1W","Submitted","Thu Jan 02 23:09:22 GMT 2014","Thu Jan 02 23:14:42 GMT 2014","Thu Jan 02 23:14:42 PST 2014","","","","320","0% (0/0)","0% (0/0)","0% (0/0)","Office Clerks","5","4","|","","","25","2","","","","25","9","","","StayTheSame","12","12;"
"27A1CSTMOFXRHAAKJ95YGNXJRIXSPN","2CDI62NJQ2176HFBXPXBNLCVEPRNVR","Offer your opinions about a number of occupations","For each occupation, tell me some of your opinions about that occupatation (no research required)","survey, quick easy","$0.12","Thu Jan 02 23:06:02 GMT 2014","10","BatchId:1375124;","3600","28800","Thu Jan 09 23:06:02 GMT 2014","","","2C8MMEGOOGQSG4CKHITSHIUUKHXCCG","A341G96EYJLBKF","Submitted","Thu Jan 02 23:12:18 GMT 2014","Thu Jan 02 23:12:42 GMT 2014","Thu Jan 02 23:12:42 PST 2014","","","","24","0% (0/0)","0% (0/0)","0% (0/0)","Office Clerks","2","3","|","","","40","3_10","","","","90","2","","","StayTheSame","10","10;"
"27A1CSTMOFXRHAAKJ95YGNXJRIXSPN","2CDI62NJQ2176HFBXPXBNLCVEPRNVR","Offer your opinions about a number of occupations","For each occupation, tell me some of your opinions about that occupatation (no research required)","survey, quick easy","$0.12","Thu Jan 02 23:06:02 GMT 2014","10","BatchId:1375124;","3600","28800","Thu Jan 09 23:06:02 GMT 2014","","","2ME6IAA2SEIUYC62VYBKD4IIIPPNNR","A1SB15LP2XJVVT","Submitted","Thu Jan 02 23:13:55 GMT 2014","Thu Jan 02 23:15:32 GMT 2014","Thu Jan 02 23:15:32 PST 2014","","","","97","0% (0/0)","0% (0/0)","0% (0/0)","Office Clerks","3","3","|","","","45","1","","","","90","5","","","StayTheSame","16","16;"
"27A1CSTMOFXRHAAKJ95YGNXJRIXSPN","2CDI62NJQ2176HFBXPXBNLCVEPRNVR","Offer your opinions about a number of occupations","For each occupation, tell me some of your opinions about that occupatation (no research required)","survey, quick easy","$0.12","Thu Jan 02 23:06:02 GMT 2014","10","BatchId:1375124;","3600","28800","Thu Jan 09 23:06:02 GMT 2014","","","2V0I9NZW6HEZA6K6X4YTB69GK3ZNXB","A168LFJNV9DSTS","Submitted","Thu Jan 02 23:16:02 GMT 2014","Thu Jan 02 23:16:45 GMT 2014","Thu Jan 02 23:16:45 PST 2014","","","","43","0% (0/0)","0% (0/0)","0% (0/0)","Office Clerks","2","1","|","","","40","0","","","","10","4","","","StayTheSame","12","12;"
"20I11K274J79O8288GE49UXFO91DFC","2CDI62NJQ2176HFBXPXBNLCVEPRNVR","Offer your opinions about a number of occupations","For each occupation, tell me some of your opinions about that occupatation (no research required)","survey, quick easy","$0.12","Thu Jan 02 23:06:02 GMT 2014","10","BatchId:1375124;","3600","28800","Thu Jan 09 23:06:02 GMT 2014","","","2IS6UFBNFSVGY3L5GDJW9NG1590I4B","A27PBC5O3Z5ZED","Submitted","Thu Jan 02 23:16:05 GMT 2014","Thu Jan 02 23:16:42 GMT 2014","Thu Jan 02 23:16:42 PST 2014","","","","37","0% (0/0)","0% (0/0)","0% (0/0)","Driver/Sales Workers and Truck Drivers","3","2","|","","","40","1","","","","25","3","","","GoUp","16","16;"
"20I11K274J79O8288GE49UXFO91DFC","2CDI62NJQ2176HFBXPXBNLCVEPRNVR","Offer your opinions about a number of occupations","For each occupation, tell me some of your opinions about that occupatation (no research required)","survey, quick easy","$0.12","Thu Jan 02 23:06:02 GMT 2014","10","BatchId:1375124;","3600","28800","Thu Jan 09 23:06:02 GMT 2014","","","2R0MZ9O9Z6KW8HSC6P8RULFQQ5LB20","A17Z6G1TRE4322","Submitted","Thu Jan 02 23:15:55 GMT 2014","Thu Jan 02 23:16:20 GMT 2014","Thu Jan 02 23:16:20 PST 2014","","","","25","0% (0/0)","0% (0/0)","0% (0/0)","Driver/Sales Workers and Truck Drivers","3","2","|","","","60","1","","","","100","6","","","GoUp","20","20;"
"20I11K274J79O8288GE49UXFO91DFC","2CDI62NJQ2176HFBXPXBNLCVEPRNVR","Offer your opinions about a number of occupations","For each occupation, tell me some of your opinions about that occupatation (no research required)","survey, quick easy","$0.12","Thu Jan 02 23:06:02 GMT 2014","10","BatchId:1375124;","3600","28800","Thu Jan 09 23:06:02 GMT 2014","","","2RSJPPSI2KYET3YREDBLP6WJT57QKC","A341G96EYJLBKF","Submitted","Thu Jan 02 23:16:08 GMT 2014","Thu Jan 02 23:16:43 GMT 2014","Thu Jan 02 23:16:43 PST 2014","","","","35","0% (0/0)","0% (0/0)","0% (0/0)","Driver/Sales Workers and Truck Drivers","2","2","|","","","50","3_10","","","","75","3","","","StayTheSame","16","16;"
"214N9U8P9Y38XE2ZPBJU1IM0VP7FWN","2CDI62NJQ2176HFBXPXBNLCVEPRNVR","Offer your opinions about a number of occupations","For each occupation, tell me some of your opinions about that occupatation (no research required)","survey, quick easy","$0.12","Thu Jan 02 23:06:02 GMT 2014","10","BatchId:1375124;","3600","28800","Thu Jan 09 23:06:02 GMT 2014","","","209M8JIA0RYNNR8PQSD08BMJJBF054","A3N1F27UIGEOGI","Submitted","Thu Jan 02 23:11:54 GMT 2014","Thu Jan 02 23:13:17 GMT 2014","Thu Jan 02 23:13:17 PST 2014","","","","83","0% (0/0)","0% (0/0)","0% (0/0)","Registered Nurses","4","4","|","","","40","2","","","","75","8","","","StayTheSame","24","28;24;"
"214N9U8P9Y38XE2ZPBJU1IM0VP7FWN","2CDI62NJQ2176HFBXPXBNLCVEPRNVR","Offer your opinions about a number of occupations","For each occupation, tell me some of your opinions about that occupatation (no research required)","survey, quick easy","$0.12","Thu Jan 02 23:06:02 GMT 2014","10","BatchId:1375124;","3600","28800","Thu Jan 09 23:06:02 GMT 2014","","","22NGULF395SWA5M3M0UN1NJBOWYQCZ","A38EHOL0U2BTV0","Submitted","Thu Jan 02 23:13:32 GMT 2014","Thu Jan 02 23:15:29 GMT 2014","Thu Jan 02 23:15:29 PST 2014","","","","117","0% (0/0)","0% (0/0)","0% (0/0)","Registered Nurses","2","3","2|2","","4","40","3_10","4","2","9","75","8","0","4","StayTheSame","20","20;"
"214N9U8P9Y38XE2ZPBJU1IM0VP7FWN","2CDI62NJQ2176HFBXPXBNLCVEPRNVR","Offer your opinions about a number of occupations","For each occupation, tell me some of your opinions about that occupatation (no research required)","survey, quick easy","$0.12","Thu Jan 02 23:06:02 GMT 2014","10","BatchId:1375124;","3600","28800","Thu Jan 09 23:06:02 GMT 2014","","","23EOFXRDS4IC5W4FU5AFP11ASZSXUD","A3E98XCHFSVPUE","Submitted","Thu Jan 02 23:10:58 GMT 2014","Thu Jan 02 23:12:27 GMT 2014","Thu Jan 02 23:12:27 PST 2014","","","","89","100% (2/2)","100% (2/2)","100% (2/2)","Registered Nurses","3","4","2|0","","1","50","3_10","1","4","5","75","6","0","0","StayTheSame","24","24;"
"214N9U8P9Y38XE2ZPBJU1IM0VP7FWN","2CDI62NJQ2176HFBXPXBNLCVEPRNVR","Offer your opinions about a number of occupations","For each occupation, tell me some of your opinions about that occupatation (no research required)","survey, quick easy","$0.12","Thu Jan 02 23:06:02 GMT 2014","10","BatchId:1375124;","3600","28800","Thu Jan 09 23:06:02 GMT 2014","","","26XXH0JPPSI2OGKRS0G78KLMWDGHNC","A17Z6G1TRE4322","Submitted","Thu Jan 02 23:11:28 GMT 2014","Thu Jan 02 23:12:30 GMT 2014","Thu Jan 02 23:12:30 PST 2014","","","","62","0% (0/0)","0% (0/0)","0% (0/0)","Registered Nurses","3","3","2|2","","3","50","2","4","2","1","100","6","0","0","GoUp","14","14;"
"214N9U8P9Y38XE2ZPBJU1IM0VP7FWN","2CDI62NJQ2176HFBXPXBNLCVEPRNVR","Offer your opinions about a number of occupations","For each occupation, tell me some of your opinions about that occupatation (no research required)","survey, quick easy","$0.12","Thu Jan 02 23:06:02 GMT 2014","10","BatchId:1375124;","3600","28800","Thu Jan 09 23:06:02 GMT 2014","","","28ZQEOZFYQS1GAZOVNORGS4I2IBHK7","A9K0CV70JWG1W","Submitted","Thu Jan 02 23:09:27 GMT 2014","Thu Jan 02 23:17:41 GMT 2014","Thu Jan 02 23:17:41 PST 2014","","","","494","0% (0/0)","0% (0/0)","0% (0/0)","Registered Nurses","2","3","|","","","50","1","","","","10","10","","","GoUp","20","20;"
"214N9U8P9Y38XE2ZPBJU1IM0VP7FWN","2CDI62NJQ2176HFBXPXBNLCVEPRNVR","Offer your opinions about a number of occupations","For each occupation, tell me some of your opinions about that occupatation (no research required)","survey, quick easy","$0.12","Thu Jan 02 23:06:02 GMT 2014","10","BatchId:1375124;","3600","28800","Thu Jan 09 23:06:02 GMT 2014","","","2CYDG67D1X3V4XQ2JWB2ME1MX6IAHM","A2E3EUMMTWZEIO","Submitted","Thu Jan 02 23:11:19 GMT 2014","Thu Jan 02 23:12:02 GMT 2014","Thu Jan 02 23:12:02 PST 2014","","","","43","0% (0/0)","0% (0/0)","0% (0/0)","Registered Nurses","2","2","|","","","65","1","","","","10","5","","","GoUp","16","16;14;16;"
"214N9U8P9Y38XE2ZPBJU1IM0VP7FWN","2CDI62NJQ2176HFBXPXBNLCVEPRNVR","Offer your opinions about a number of occupations","For each occupation, tell me some of your opinions about that occupatation (no research required)","survey, quick easy","$0.12","Thu Jan 02 23:06:02 GMT 2014","10","BatchId:1375124;","3600","28800","Thu Jan 09 23:06:02 GMT 2014","","","2E70OHOVR14I12U4SHTHHCWAWE156A","A1SB15LP2XJVVT","Submitted","Thu Jan 02 23:08:25 GMT 2014","Thu Jan 02 23:10:41 GMT 2014","Thu Jan 02 23:10:41 PST 2014","","","","136","0% (0/0)","0% (0/0)","0% (0/0)","Registered Nurses","3","4","2|0","","5","40","3_10","5","2","2","100","5","1","0","GoUp","",""
"214N9U8P9Y38XE2ZPBJU1IM0VP7FWN","2CDI62NJQ2176HFBXPXBNLCVEPRNVR","Offer your opinions about a number of occupations","For each occupation, tell me some of your opinions about that occupatation (no research required)","survey, quick easy","$0.12","Thu Jan 02 23:06:02 GMT 2014","10","BatchId:1375124;","3600","28800","Thu Jan 09 23:06:02 GMT 2014","","","2RX7DZKPFE4EKVNFTAWLBI9NPD45FD","A168LFJNV9DSTS","Submitted","Thu Jan 02 23:12:33 GMT 2014","Thu Jan 02 23:13:44 GMT 2014","Thu Jan 02 23:13:44 PST 2014","","","","71","0% (0/0)","0% (0/0)","0% (0/0)","Registered Nurses","3","4","|","","","45","3_10","","","","50","7","","","GoUp","20","20;"
"27ZM8JIA0RYNNR8PQSD08BMJ5QE05N","2CDI62NJQ2176HFBXPXBNLCVEPRNVR","Offer your opinions about a number of occupations","For each occupation, tell me some of your opinions about that occupatation (no research required)","survey, quick easy","$0.12","Thu Jan 02 23:06:02 GMT 2014","10","BatchId:1375124;","3600","28800","Thu Jan 09 23:06:02 GMT 2014","","","2M4F0CP5KXPTM5OK4674SM7NON3XYB","A17Z6G1TRE4322","Submitted","Thu Jan 02 23:13:10 GMT 2014","Thu Jan 02 23:13:45 GMT 2014","Thu Jan 02 23:13:45 PST 2014","","","","35","0% (0/0)","0% (0/0)","0% (0/0)","Nursing","3","4","|","","","70","1","","","","100","7","","","GoUp","28","36;20;24;32;28;"
"27ZM8JIA0RYNNR8PQSD08BMJ5QE05N","2CDI62NJQ2176HFBXPXBNLCVEPRNVR","Offer your opinions about a number of occupations","For each occupation, tell me some of your opinions about that occupatation (no research required)","survey, quick easy","$0.12","Thu Jan 02 23:06:02 GMT 2014","10","BatchId:1375124;","3600","28800","Thu Jan 09 23:06:02 GMT 2014","","","2PI0ONNVRH1KL6FGNZ279NV9B1TNWI","A1FP3SH704X01V","Submitted","Thu Jan 02 23:15:56 GMT 2014","Thu Jan 02 23:16:34 GMT 2014","Thu Jan 02 23:16:34 PST 2014","","","","38","100% (7/7)","100% (1/1)","100% (1/1)","Nursing","3","3","1|0","","0","35","1","0","1","1","10","7","1","0","StayTheSame","10","10;"
"2P1VCNHMVHVKG1638ST77J79WMT313","2CDI62NJQ2176HFBXPXBNLCVEPRNVR","Offer your opinions about a number of occupations","For each occupation, tell me some of your opinions about that occupatation (no research required)","survey, quick easy","$0.12","Thu Jan 02 23:06:02 GMT 2014","10","BatchId:1375124;","3600","28800","Thu Jan 09 23:06:02 GMT 2014","","","22KZVXX2Q45UY2WQ5OEIZ1NSY5DQ8T","A341G96EYJLBKF","Submitted","Thu Jan 02 23:12:43 GMT 2014","Thu Jan 02 23:13:13 GMT 2014","Thu Jan 02 23:13:13 PST 2014","","","","30","0% (0/0)","0% (0/0)","0% (0/0)","Waiters and Waitresses","5","5","|","","","35","10_plus","","","","100","2","","","GoUp","14","14;"
"2P1VCNHMVHVKG1638ST77J79WMT313","2CDI62NJQ2176HFBXPXBNLCVEPRNVR","Offer your opinions about a number of occupations","For each occupation, tell me some of your opinions about that occupatation (no research required)","survey, quick easy","$0.12","Thu Jan 02 23:06:02 GMT 2014","10","BatchId:1375124;","3600","28800","Thu Jan 09 23:06:02 GMT 2014","","","291O9Z6KW4ZMEHNJYZCFT0ONDCP5EV","A1FP3SH704X01V","Submitted","Thu Jan 02 23:12:41 GMT 2014","Thu Jan 02 23:14:27 GMT 2014","Thu Jan 02 23:14:27 PST 2014","","","","106","100% (7/7)","100% (1/1)","100% (1/1)","Waiters and Waitresses","5","5","1|0","","0","25","1","0","1","1","25","2","1","0","StayTheSame","8","8;"
"2P1VCNHMVHVKG1638ST77J79WMT313","2CDI62NJQ2176HFBXPXBNLCVEPRNVR","Offer your opinions about a number of occupations","For each occupation, tell me some of your opinions about that occupatation (no research required)","survey, quick easy","$0.12","Thu Jan 02 23:06:02 GMT 2014","10","BatchId:1375124;","3600","28800","Thu Jan 09 23:06:02 GMT 2014","","","2NGBDDP8PJWKYVJA4U23T39ZQS45GC","A1FQ1XLPXHS3LX","Submitted","Thu Jan 02 23:13:07 GMT 2014","Thu Jan 02 23:15:04 GMT 2014","Thu Jan 02 23:15:04 PST 2014","","","","117","0% (0/0)","0% (0/0)","0% (0/0)","Waiters and Waitresses","3","4","2|1","","0","40","2","0","2","2","50","3","0","1","StayTheSame","8","8;"
"2P1VCNHMVHVKG1638ST77J79WMT313","2CDI62NJQ2176HFBXPXBNLCVEPRNVR","Offer your opinions about a number of occupations","For each occupation, tell me some of your opinions about that occupatation (no research required)","survey, quick easy","$0.12","Thu Jan 02 23:06:02 GMT 2014","10","BatchId:1375124;","3600","28800","Thu Jan 09 23:06:02 GMT 2014","","","2SFMHGYQ4J3NETCDMU6FRYYIJIRANV","AGU3P5LLHVI5X","Submitted","Thu Jan 02 23:13:02 GMT 2014","Thu Jan 02 23:13:28 GMT 2014","Thu Jan 02 23:13:28 PST 2014","","","","26","0% (0/0)","0% (0/0)","0% (0/0)","Waiters and Waitresses","2","3","|","","","30","2","","","","75","1","","","StayTheSame","9","9;"
"27E618N46UXFGVA74K5TQDSN5GEPRW","2CDI62NJQ2176HFBXPXBNLCVEPRNVR","Offer your opinions about a number of occupations","For each occupation, tell me some of your opinions about that occupatation (no research required)","survey, quick easy","$0.12","Thu Jan 02 23:06:02 GMT 2014","10","BatchId:1375124;","3600","28800","Thu Jan 09 23:06:02 GMT 2014","","","23VHVWAVKI62R1W48FTZC9QHWSHHP8","ALQPGVQZEZSUE","Submitted","Thu Jan 02 23:12:09 GMT 2014","Thu Jan 02 23:15:12 GMT 2014","Thu Jan 02 23:15:12 PST 2014","","","","183","0% (0/0)","0% (0/0)","0% (0/0)","Customer Service Representatives","2","1","3|0","","4","40","0","4","2","1","50","3","0","0","StayTheSame","10","10;"
"27E618N46UXFGVA74K5TQDSN5GEPRW","2CDI62NJQ2176HFBXPXBNLCVEPRNVR","Offer your opinions about a number of occupations","For each occupation, tell me some of your opinions about that occupatation (no research required)","survey, quick easy","$0.12","Thu Jan 02 23:06:02 GMT 2014","10","BatchId:1375124;","3600","28800","Thu Jan 09 23:06:02 GMT 2014","","","28TTHV8ER9Y8X5QKT7JM8KFHIJLQ31","A2E3EUMMTWZEIO","Submitted","Thu Jan 02 23:12:02 GMT 2014","Thu Jan 02 23:12:33 GMT 2014","Thu Jan 02 23:12:33 PST 2014","","","","31","0% (0/0)","0% (0/0)","0% (0/0)","Customer Service Representatives","3","3","|","","","30","2","","","","25","3","","","GoUp","9","9;"
"27E618N46UXFGVA74K5TQDSN5GEPRW","2CDI62NJQ2176HFBXPXBNLCVEPRNVR","Offer your opinions about a number of occupations","For each occupation, tell me some of your opinions about that occupatation (no research required)","survey, quick easy","$0.12","Thu Jan 02 23:06:02 GMT 2014","10","BatchId:1375124;","3600","28800","Thu Jan 09 23:06:02 GMT 2014","","","2BTK274J79KQ0O7AUCXU0FCDUMUFH3","A5IG6AWG6W638","Submitted","Thu Jan 02 23:14:57 GMT 2014","Thu Jan 02 23:16:16 GMT 2014","Thu Jan 02 23:16:16 PST 2014","","","","79","100% (16/16)","0% (0/0)","0% (0/0)","Customer Service Representatives","2","3","2|0","","3","35","0","3","4","1","10","2","1","1","StayTheSame","8","8;"
"27E618N46UXFGVA74K5TQDSN5GEPRW","2CDI62NJQ2176HFBXPXBNLCVEPRNVR","Offer your opinions about a number of occupations","For each occupation, tell me some of your opinions about that occupatation (no research required)","survey, quick easy","$0.12","Thu Jan 02 23:06:02 GMT 2014","10","BatchId:1375124;","3600","28800","Thu Jan 09 23:06:02 GMT 2014","","","2MKTMOFXRDS4MU7G5LEXMFM1RRZSVP","A17Z6G1TRE4322","Submitted","Thu Jan 02 23:14:10 GMT 2014","Thu Jan 02 23:15:05 GMT 2014","Thu Jan 02 23:15:05 PST 2014","","","","55","0% (0/0)","0% (0/0)","0% (0/0)","Customer Service Representatives","4","4","|","","","40","3_10","","","","75","4","","","StayTheSame","14","14;"
"27E618N46UXFGVA74K5TQDSN5GEPRW","2CDI62NJQ2176HFBXPXBNLCVEPRNVR","Offer your opinions about a number of occupations","For each occupation, tell me some of your opinions about that occupatation (no research required)","survey, quick easy","$0.12","Thu Jan 02 23:06:02 GMT 2014","10","BatchId:1375124;","3600","28800","Thu Jan 09 23:06:02 GMT 2014","","","2Z0JVCNHMVHVOUP289B2A4J7Z1O023","A341G96EYJLBKF","Submitted","Thu Jan 02 23:10:58 GMT 2014","Thu Jan 02 23:11:46 GMT 2014","Thu Jan 02 23:11:46 PST 2014","","","","48","0% (0/0)","0% (0/0)","0% (0/0)","Customer Service Representatives","3","4","2|0","","5","40","10_plus","4","4","3","100","2","0","0","StayTheSame","9","9;"
"2W151Y7QEOZF28Y3J0KMRFXRPO1DGB","2CDI62NJQ2176HFBXPXBNLCVEPRNVR","Offer your opinions about a number of occupations","For each occupation, tell me some of your opinions about that occupatation (no research required)","survey, quick easy","$0.12","Thu Jan 02 23:06:03 GMT 2014","10","BatchId:1375124;","3600","28800","Thu Jan 09 23:06:03 GMT 2014","","","20AHPCGJ2D21SL274PRJSPSIS1VA4Z","AGU3P5LLHVI5X","Submitted","Thu Jan 02 23:13:32 GMT 2014","Thu Jan 02 23:13:57 GMT 2014","Thu Jan 02 23:13:57 PST 2014","","","","25","0% (0/0)","0% (0/0)","0% (0/0)","Cooks","2","4","|","","","35","1","","","","10","4","","","StayTheSame","18","18;"
"2W151Y7QEOZF28Y3J0KMRFXRPO1DGB","2CDI62NJQ2176HFBXPXBNLCVEPRNVR","Offer your opinions about a number of occupations","For each occupation, tell me some of your opinions about that occupatation (no research required)","survey, quick easy","$0.12","Thu Jan 02 23:06:03 GMT 2014","10","BatchId:1375124;","3600","28800","Thu Jan 09 23:06:03 GMT 2014","","","20ZQ67051QKCR9740Y310MGIQCCFZU","A17Z6G1TRE4322","Submitted","Thu Jan 02 23:16:49 GMT 2014","Thu Jan 02 23:17:17 GMT 2014","Thu Jan 02 23:17:17 PST 2014","","","","28","0% (0/0)","0% (0/0)","0% (0/0)","Cooks","3","4","|","","","50","3_10","","","","100","7","","","StayTheSame","12","12;"
"2W151Y7QEOZF28Y3J0KMRFXRPO1DGB","2CDI62NJQ2176HFBXPXBNLCVEPRNVR","Offer your opinions about a number of occupations","For each occupation, tell me some of your opinions about that occupatation (no research required)","survey, quick easy","$0.12","Thu Jan 02 23:06:03 GMT 2014","10","BatchId:1375124;","3600","28800","Thu Jan 09 23:06:03 GMT 2014","","","26Y18N46UXFCHMBZJMKNGSNTAZKSQV","A2E3EUMMTWZEIO","Submitted","Thu Jan 02 23:13:09 GMT 2014","Thu Jan 02 23:13:41 GMT 2014","Thu Jan 02 23:13:41 PST 2014","","","","32","0% (0/0)","0% (0/0)","0% (0/0)","Cooks","4","4","|","","","50","2","","","","100","5","","","StayTheSame","12","12;"
"2W151Y7QEOZF28Y3J0KMRFXRPO1DGB","2CDI62NJQ2176HFBXPXBNLCVEPRNVR","Offer your opinions about a number of occupations","For each occupation, tell me some of your opinions about that occupatation (no research required)","survey, quick easy","$0.12","Thu Jan 02 23:06:03 GMT 2014","10","BatchId:1375124;","3600","28800","Thu Jan 09 23:06:03 GMT 2014","","","2DGH1XERSQV6A9RROQK3KVWAL1G80E","A27PBC5O3Z5ZED","Submitted","Thu Jan 02 23:13:50 GMT 2014","Thu Jan 02 23:14:15 GMT 2014","Thu Jan 02 23:14:15 PST 2014","","","","25","0% (0/0)","0% (0/0)","0% (0/0)","Cooks","3","1","|","","","40","0","","","","10","6","","","StayTheSame","18","16;18;"
"2W151Y7QEOZF28Y3J0KMRFXRPO1DGB","2CDI62NJQ2176HFBXPXBNLCVEPRNVR","Offer your opinions about a number of occupations","For each occupation, tell me some of your opinions about that occupatation (no research required)","survey, quick easy","$0.12","Thu Jan 02 23:06:03 GMT 2014","10","BatchId:1375124;","3600","28800","Thu Jan 09 23:06:03 GMT 2014","","","2REVHVKCJ011OKD6QF0KTW61Y4286F","A341G96EYJLBKF","Submitted","Thu Jan 02 23:15:52 GMT 2014","Thu Jan 02 23:16:08 GMT 2014","Thu Jan 02 23:16:08 PST 2014","","","","16","0% (0/0)","0% (0/0)","0% (0/0)","Cooks","5","5","|","","","35","10_plus","","","","100","2","","","GoUp","10","10;"
"2KXDEY5COW0LK955FKIFOC6VZQVV44","2CDI62NJQ2176HFBXPXBNLCVEPRNVR","Offer your opinions about a number of occupations","For each occupation, tell me some of your opinions about that occupatation (no research required)","survey, quick easy","$0.12","Thu Jan 02 23:06:03 GMT 2014","10","BatchId:1375124;","3600","28800","Thu Jan 09 23:06:03 GMT 2014","","","29EAZHHRRLFQ46TP2Z81NHO94XONE2","A168LFJNV9DSTS","Submitted","Thu Jan 02 23:10:26 GMT 2014","Thu Jan 02 23:11:27 GMT 2014","Thu Jan 02 23:11:27 PST 2014","","","","61","0% (0/0)","0% (0/0)","0% (0/0)","Elementary and Middle School Teachers","2","3","|","","","40","2","","","","50","5","","","StayTheSame","18","18;"
"2KXDEY5COW0LK955FKIFOC6VZQVV44","2CDI62NJQ2176HFBXPXBNLCVEPRNVR","Offer your opinions about a number of occupations","For each occupation, tell me some of your opinions about that occupatation (no research required)","survey, quick easy","$0.12","Thu Jan 02 23:06:03 GMT 2014","10","BatchId:1375124;","3600","28800","Thu Jan 09 23:06:03 GMT 2014","","","2EUJ1LY58B72B46KNNBHG16Y59T7SD","A15Q55LMYW7M1H","Submitted","Thu Jan 02 23:12:16 GMT 2014","Thu Jan 02 23:14:08 GMT 2014","Thu Jan 02 23:14:08 PST 2014","","","","112","0% (0/0)","0% (0/0)","0% (0/0)","Elementary and Middle School Teachers","2","3","1|0","","1","40","1","1","3","5","10","5","0","3","StayTheSame","24","20;24;"
"2KXDEY5COW0LK955FKIFOC6VZQVV44","2CDI62NJQ2176HFBXPXBNLCVEPRNVR","Offer your opinions about a number of occupations","For each occupation, tell me some of your opinions about that occupatation (no research required)","survey, quick easy","$0.12","Thu Jan 02 23:06:03 GMT 2014","10","BatchId:1375124;","3600","28800","Thu Jan 09 23:06:03 GMT 2014","","","2FJ98D8J3VE70AYVU63G6MCKYRQHXW","A27PBC5O3Z5ZED","Submitted","Thu Jan 02 23:14:15 GMT 2014","Thu Jan 02 23:15:04 GMT 2014","Thu Jan 02 23:15:04 PST 2014","","","","49","0% (0/0)","0% (0/0)","0% (0/0)","Elementary and Middle School Teachers","3","4","|","","","40","1","","","","25","4","","","StayTheSame","16","16;"
"2KXDEY5COW0LK955FKIFOC6VZQVV44","2CDI62NJQ2176HFBXPXBNLCVEPRNVR","Offer your opinions about a number of occupations","For each occupation, tell me some of your opinions about that occupatation (no research required)","survey, quick easy","$0.12","Thu Jan 02 23:06:03 GMT 2014","10","BatchId:1375124;","3600","28800","Thu Jan 09 23:06:03 GMT 2014","","","2SMB2YU98JHSX3H5S86BM9IO10BNB2","AGU3P5LLHVI5X","Submitted","Thu Jan 02 23:09:43 GMT 2014","Thu Jan 02 23:11:04 GMT 2014","Thu Jan 02 23:11:04 PST 2014","","","","81","0% (0/0)","0% (0/0)","0% (0/0)","Elementary and Middle School Teachers","2","3","1|2","","2","50","3_10","1","4","3","90","3","0","1","GoWayUp","18","18;"
"2KVHJHP4BDDKKM4AY0O903G3H3T5YT","2CDI62NJQ2176HFBXPXBNLCVEPRNVR","Offer your opinions about a number of occupations","For each occupation, tell me some of your opinions about that occupatation (no research required)","survey, quick easy","$0.12","Thu Jan 02 23:06:03 GMT 2014","10","BatchId:1375124;","3600","28800","Thu Jan 09 23:06:03 GMT 2014","","","211ZJMJUNU8L3OX97OWRC8D89KT0GM","A1FQ1XLPXHS3LX","Submitted","Thu Jan 02 23:16:24 GMT 2014","Thu Jan 02 23:17:06 GMT 2014","Thu Jan 02 23:17:06 PST 2014","","","","42","0% (0/0)","0% (0/0)","0% (0/0)","General and Operations Managers","1","1","|","","","50","0","","","","10","6","","","StayTheSame","12","12;"
"2KVHJHP4BDDKKM4AY0O903G3H3T5YT","2CDI62NJQ2176HFBXPXBNLCVEPRNVR","Offer your opinions about a number of occupations","For each occupation, tell me some of your opinions about that occupatation (no research required)","survey, quick easy","$0.12","Thu Jan 02 23:06:03 GMT 2014","10","BatchId:1375124;","3600","28800","Thu Jan 09 23:06:03 GMT 2014","","","21Q0LWSBRI8IYT801HZJKSTL1KJD1S","A341G96EYJLBKF","Submitted","Thu Jan 02 23:13:38 GMT 2014","Thu Jan 02 23:14:05 GMT 2014","Thu Jan 02 23:14:05 PST 2014","","","","27","0% (0/0)","0% (0/0)","0% (0/0)","General and Operations Managers","3","5","|","","","50","10_plus","","","","100","6","","","StayTheSame","20","20;"
"2KVHJHP4BDDKKM4AY0O903G3H3T5YT","2CDI62NJQ2176HFBXPXBNLCVEPRNVR","Offer your opinions about a number of occupations","For each occupation, tell me some of your opinions about that occupatation (no research required)","survey, quick easy","$0.12","Thu Jan 02 23:06:03 GMT 2014","10","BatchId:1375124;","3600","28800","Thu Jan 09 23:06:03 GMT 2014","","","22EEZZ2MIKMNDCERG6U8WWWX8KQ7OG","A340DZFTU1OSQQ","Submitted","Thu Jan 02 23:11:28 GMT 2014","Thu Jan 02 23:15:53 GMT 2014","Thu Jan 02 23:15:53 PST 2014","","","","265","0% (0/0)","0% (0/0)","0% (0/0)","General and Operations Managers","3","1","2|2","","1","40","1","1","3","5","25","1","0","4","StayTheSame","24","24;"
"2KVHJHP4BDDKKM4AY0O903G3H3T5YT","2CDI62NJQ2176HFBXPXBNLCVEPRNVR","Offer your opinions about a number of occupations","For each occupation, tell me some of your opinions about that occupatation (no research required)","survey, quick easy","$0.12","Thu Jan 02 23:06:03 GMT 2014","10","BatchId:1375124;","3600","28800","Thu Jan 09 23:06:03 GMT 2014","","","2X1U8P9Y38TW0FO5Z2PIP0JT0XKHY2","A15Q55LMYW7M1H","Submitted","Thu Jan 02 23:14:50 GMT 2014","Thu Jan 02 23:15:21 GMT 2014","Thu Jan 02 23:15:21 PST 2014","","","","31","0% (0/0)","0% (0/0)","0% (0/0)","General and Operations Managers","2","3","|","","","40","2","","","","25","4","","","GoDown","18","14;18;"
"27A1CSTMOFXRHAAKJ95YGNXJRIXPSK","2CDI62NJQ2176HFBXPXBNLCVEPRNVR","Offer your opinions about a number of occupations","For each occupation, tell me some of your opinions about that occupatation (no research required)","survey, quick easy","$0.12","Thu Jan 02 23:06:03 GMT 2014","10","BatchId:1375124;","3600","28800","Thu Jan 09 23:06:03 GMT 2014","","","25CCJ011K274NPFMX4X1BN46KEDACD","A9K0CV70JWG1W","Submitted","Thu Jan 02 23:09:09 GMT 2014","Thu Jan 02 23:12:37 GMT 2014","Thu Jan 02 23:12:37 PST 2014","","","","208","0% (0/0)","0% (0/0)","0% (0/0)","Stock Clerks and Order Fillers","3","4","1|0","","0","35","3_10","0","3","1","25","6","0","3","GoUp","12","9;12;"
"27A1CSTMOFXRHAAKJ95YGNXJRIXPSK","2CDI62NJQ2176HFBXPXBNLCVEPRNVR","Offer your opinions about a number of occupations","For each occupation, tell me some of your opinions about that occupatation (no research required)","survey, quick easy","$0.12","Thu Jan 02 23:06:03 GMT 2014","10","BatchId:1375124;","3600","28800","Thu Jan 09 23:06:03 GMT 2014","","","2DJY0LWSBRI8MCH45208MHSTBS10CC","A2E3EUMMTWZEIO","Submitted","Thu Jan 02 23:15:04 GMT 2014","Thu Jan 02 23:15:31 GMT 2014","Thu Jan 02 23:15:31 PST 2014","","","","27","0% (0/0)","0% (0/0)","0% (0/0)","Stock Clerks and Order Fillers","3","3","|","","","35","1","","","","25","5","","","GoUp","10","10;"
"27A1CSTMOFXRHAAKJ95YGNXJRIXPSK","2CDI62NJQ2176HFBXPXBNLCVEPRNVR","Offer your opinions about a number of occupations","For each occupation, tell me some of your opinions about that occupatation (no research required)","survey, quick easy","$0.12","Thu Jan 02 23:06:03 GMT 2014","10","BatchId:1375124;","3600","28800","Thu Jan 09 23:06:03 GMT 2014","","","2LEJTUHYW2GTTRXCE0WWP169O9LKPF","A1FP3SH704X01V","Submitted","Thu Jan 02 23:14:33 GMT 2014","Thu Jan 02 23:15:12 GMT 2014","Thu Jan 02 23:15:12 PST 2014","","","","39","100% (7/7)","100% (1/1)","100% (1/1)","Stock Clerks and Order Fillers","5","4","1|0","","0","30","2","0","1","1","50","5","1","0","StayTheSame","9","9;"
"27A1CSTMOFXRHAAKJ95YGNXJRIXPSK","2CDI62NJQ2176HFBXPXBNLCVEPRNVR","Offer your opinions about a number of occupations","For each occupation, tell me some of your opinions about that occupatation (no research required)","survey, quick easy","$0.12","Thu Jan 02 23:06:03 GMT 2014","10","BatchId:1375124;","3600","28800","Thu Jan 09 23:06:03 GMT 2014","","","2NRXR24SMEZZ64OMTV0UBP9YTPQI1Y","A168LFJNV9DSTS","Submitted","Thu Jan 02 23:15:16 GMT 2014","Thu Jan 02 23:16:02 GMT 2014","Thu Jan 02 23:16:02 PST 2014","","","","46","0% (0/0)","0% (0/0)","0% (0/0)","Stock Clerks and Order Fillers","2","2","|","","","30","2","","","","25","3","","","GoUp","10","10;"
"27A1CSTMOFXRHAAKJ95YGNXJRIXPSK","2CDI62NJQ2176HFBXPXBNLCVEPRNVR","Offer your opinions about a number of occupations","For each occupation, tell me some of your opinions about that occupatation (no research required)","survey, quick easy","$0.12","Thu Jan 02 23:06:03 GMT 2014","10","BatchId:1375124;","3600","28800","Thu Jan 09 23:06:03 GMT 2014","","","2O5D2AC9KSSZZF34XCWUXKQOOXKI0V","A17Z6G1TRE4322","Submitted","Thu Jan 02 23:15:05 GMT 2014","Thu Jan 02 23:15:28 GMT 2014","Thu Jan 02 23:15:28 PST 2014","","","","23","0% (0/0)","0% (0/0)","0% (0/0)","Stock Clerks and Order Fillers","2","2","|","","","40","0","","","","0","4","","","StayTheSame","16","16;"
"2BLK4F0OHOVR5MOZRWTLC2HEOS732K","2CDI62NJQ2176HFBXPXBNLCVEPRNVR","Offer your opinions about a number of occupations","For each occupation, tell me some of your opinions about that occupatation (no research required)","survey, quick easy","$0.12","Thu Jan 02 23:06:03 GMT 2014","10","BatchId:1375124;","3600","28800","Thu Jan 09 23:06:03 GMT 2014","","","220SV7WGKCCVP39EHBUMKAPQUT72SS","AGU3P5LLHVI5X","Submitted","Thu Jan 02 23:11:34 GMT 2014","Thu Jan 02 23:12:13 GMT 2014","Thu Jan 02 23:12:13 PST 2014","","","","39","0% (0/0)","0% (0/0)","0% (0/0)","Sales Representatives","3","4","|","","","40","3_10","","","","90","3","","","StayTheSame","16","16;"
"2BLK4F0OHOVR5MOZRWTLC2HEOS732K","2CDI62NJQ2176HFBXPXBNLCVEPRNVR","Offer your opinions about a number of occupations","For each occupation, tell me some of your opinions about that occupatation (no research required)","survey, quick easy","$0.12","Thu Jan 02 23:06:03 GMT 2014","10","BatchId:1375124;","3600","28800","Thu Jan 09 23:06:03 GMT 2014","","","25H3TVOK5UFJ9J49XMFZIYQSRTP745","A168LFJNV9DSTS","Submitted","Thu Jan 02 23:09:23 GMT 2014","Thu Jan 02 23:10:09 GMT 2014","Thu Jan 02 23:10:09 PST 2014","","","","46","0% (0/0)","0% (0/0)","0% (0/0)","Sales Representatives","3","3","|","","","30","2","","","","25","4","","","StayTheSame","12","12;"
"2BLK4F0OHOVR5MOZRWTLC2HEOS732K","2CDI62NJQ2176HFBXPXBNLCVEPRNVR","Offer your opinions about a number of occupations","For each occupation, tell me some of your opinions about that occupatation (no research required)","survey, quick easy","$0.12","Thu Jan 02 23:06:03 GMT 2014","10","BatchId:1375124;","3600","28800","Thu Jan 09 23:06:03 GMT 2014","","","28UAOO2GMMEGS6MSZKD6LAA2IVF77P","A1SB15LP2XJVVT","Submitted","Thu Jan 02 23:10:45 GMT 2014","Thu Jan 02 23:13:52 GMT 2014","Thu Jan 02 23:13:52 PST 2014","","","","187","0% (0/0)","0% (0/0)","0% (0/0)","Sales Representatives","3","3","2|0","","5","40","1","5","2","2","100","4","1","0","StayTheSame","10","10;"
"2BLK4F0OHOVR5MOZRWTLC2HEOS732K","2CDI62NJQ2176HFBXPXBNLCVEPRNVR","Offer your opinions about a number of occupations","For each occupation, tell me some of your opinions about that occupatation (no research required)","survey, quick easy","$0.12","Thu Jan 02 23:06:03 GMT 2014","10","BatchId:1375124;","3600","28800","Thu Jan 09 23:06:03 GMT 2014","","","2AJYNJ92NJKM4NHOQ1LH1W2GJ66C7N","A27PBC5O3Z5ZED","Submitted","Thu Jan 02 23:11:28 GMT 2014","Thu Jan 02 23:12:57 GMT 2014","Thu Jan 02 23:12:57 PST 2014","","","","89","0% (0/0)","0% (0/0)","0% (0/0)","Sales Representatives","2","1","3|0","","4","40","0","4","4","4","25","3","0","1","GoDown","18","18;"
"2BLK4F0OHOVR5MOZRWTLC2HEOS732K","2CDI62NJQ2176HFBXPXBNLCVEPRNVR","Offer your opinions about a number of occupations","For each occupation, tell me some of your opinions about that occupatation (no research required)","survey, quick easy","$0.12","Thu Jan 02 23:06:03 GMT 2014","10","BatchId:1375124;","3600","28800","Thu Jan 09 23:06:03 GMT 2014","","","2NUAC9KSSZVX1KW6C2LKTOYGDZU2KB","A1KJAMJ9FM8A5M","Submitted","Thu Jan 02 23:07:21 GMT 2014","Thu Jan 02 23:08:48 GMT 2014","Thu Jan 02 23:08:48 PST 2014","","","","87","0% (0/0)","0% (0/0)","0% (0/0)","Sales Representatives","3","4","1|0","","5","40","3_10","4","2","9","75","8","0","1","GoUp","32","20;24;20;18;16;14;12;14;16;18;20;24;28;32;36;32;"
"2BLK4F0OHOVR5MOZRWTLC2HEOS732K","2CDI62NJQ2176HFBXPXBNLCVEPRNVR","Offer your opinions about a number of occupations","For each occupation, tell me some of your opinions about that occupatation (no research required)","survey, quick easy","$0.12","Thu Jan 02 23:06:03 GMT 2014","10","BatchId:1375124;","3600","28800","Thu Jan 09 23:06:03 GMT 2014","","","2TS11K274J79O8288GE49UXF2U1FDU","A2E3EUMMTWZEIO","Submitted","Thu Jan 02 23:14:05 GMT 2014","Thu Jan 02 23:14:34 GMT 2014","Thu Jan 02 23:14:34 PST 2014","","","","29","0% (0/0)","0% (0/0)","0% (0/0)","Sales Representatives","2","2","|","","","20","1","","","","25","2","","","GoDown","10","10;"
"2BXBNFSVGULF7RBU3EEG4FS3ZUKL7W","2CDI62NJQ2176HFBXPXBNLCVEPRNVR","Offer your opinions about a number of occupations","For each occupation, tell me some of your opinions about that occupatation (no research required)","survey, quick easy","$0.12","Thu Jan 02 23:06:03 GMT 2014","10","BatchId:1375124;","3600","28800","Thu Jan 09 23:06:03 GMT 2014","","","26XXH0JPPSI2OGKRS0G78KLMWDGNHI","AGU3P5LLHVI5X","Submitted","Thu Jan 02 23:11:04 GMT 2014","Thu Jan 02 23:11:34 GMT 2014","Thu Jan 02 23:11:34 PST 2014","","","","30","0% (0/0)","0% (0/0)","0% (0/0)","Bookkeeping","1","1","|","","","40","0","","","","10","1","","","StayTheSame","12","12;"
"2BXBNFSVGULF7RBU3EEG4FS3ZUKL7W","2CDI62NJQ2176HFBXPXBNLCVEPRNVR","Offer your opinions about a number of occupations","For each occupation, tell me some of your opinions about that occupatation (no research required)","survey, quick easy","$0.12","Thu Jan 02 23:06:03 GMT 2014","10","BatchId:1375124;","3600","28800","Thu Jan 09 23:06:03 GMT 2014","","","2BUA1QP6AUC2AVM8ELSX6V0FAHA07J","A2E3EUMMTWZEIO","Submitted","Thu Jan 02 23:12:34 GMT 2014","Thu Jan 02 23:13:08 GMT 2014","Thu Jan 02 23:13:08 PST 2014","","","","34","0% (0/0)","0% (0/0)","0% (0/0)","Bookkeeping","2","3","|","","","35","0","","","","0","4","","","StayTheSame","12","12;"
"2BXBNFSVGULF7RBU3EEG4FS3ZUKL7W","2CDI62NJQ2176HFBXPXBNLCVEPRNVR","Offer your opinions about a number of occupations","For each occupation, tell me some of your opinions about that occupatation (no research required)","survey, quick easy","$0.12","Thu Jan 02 23:06:03 GMT 2014","10","BatchId:1375124;","3600","28800","Thu Jan 09 23:06:03 GMT 2014","","","2NMCF806UFBNJA1I1T63C5SWW4E0E5","A27PBC5O3Z5ZED","Submitted","Thu Jan 02 23:15:34 GMT 2014","Thu Jan 02 23:16:05 GMT 2014","Thu Jan 02 23:16:05 PST 2014","","","","31","0% (0/0)","0% (0/0)","0% (0/0)","Bookkeeping","2","1","|","","","40","0","","","","10","5","","","GoWayDown","14","14;"
"2BXBNFSVGULF7RBU3EEG4FS3ZUKL7W","2CDI62NJQ2176HFBXPXBNLCVEPRNVR","Offer your opinions about a number of occupations","For each occupation, tell me some of your opinions about that occupatation (no research required)","survey, quick easy","$0.12","Thu Jan 02 23:06:03 GMT 2014","10","BatchId:1375124;","3600","28800","Thu Jan 09 23:06:03 GMT 2014","","","2SCMN9U8P9Y3CB2Y4QUSXYIMQ0QVER","AP1JUNBKZCONJ","Submitted","Thu Jan 02 23:09:26 GMT 2014","Thu Jan 02 23:10:40 GMT 2014","Thu Jan 02 23:10:40 PST 2014","","","","74","0% (0/0)","0% (0/0)","0% (0/0)","Bookkeeping","3","3","1|1","No","5","40","0","5","4","5","100","3","0","1","GoDown","14","14;"
"2BXBNFSVGULF7RBU3EEG4FS3ZUKL7W","2CDI62NJQ2176HFBXPXBNLCVEPRNVR","Offer your opinions about a number of occupations","For each occupation, tell me some of your opinions about that occupatation (no research required)","survey, quick easy","$0.12","Thu Jan 02 23:06:03 GMT 2014","10","BatchId:1375124;","3600","28800","Thu Jan 09 23:06:03 GMT 2014","","","2T85TYMNCWYB8RLBZ0JH011JE4PKOY","A17Z6G1TRE4322","Submitted","Thu Jan 02 23:13:46 GMT 2014","Thu Jan 02 23:14:10 GMT 2014","Thu Jan 02 23:14:10 PST 2014","","","","24","0% (0/0)","0% (0/0)","0% (0/0)","Bookkeeping","2","1","|","","","40","0","","","","75","4","","","StayTheSame","24","24;"
"2BXBNFSVGULF7RBU3EEG4FS3ZUKL7W","2CDI62NJQ2176HFBXPXBNLCVEPRNVR","Offer your opinions about a number of occupations","For each occupation, tell me some of your opinions about that occupatation (no research required)","survey, quick easy","$0.12","Thu Jan 02 23:06:03 GMT 2014","10","BatchId:1375124;","3600","28800","Thu Jan 09 23:06:03 GMT 2014","","","2YV3FDEY5COW43MT6BZCUFLCWCKT27","A15Q55LMYW7M1H","Submitted","Thu Jan 02 23:15:58 GMT 2014","Thu Jan 02 23:16:25 GMT 2014","Thu Jan 02 23:16:25 PST 2014","","","","27","0% (0/0)","0% (0/0)","0% (0/0)","Bookkeeping","1","1","|","","","20","0","","","","25","3","","","GoDown","14","14;"
"2GRRNDWIOV1SBAT5K17U43YDB4JHWM","2CDI62NJQ2176HFBXPXBNLCVEPRNVR","Offer your opinions about a number of occupations","For each occupation, tell me some of your opinions about that occupatation (no research required)","survey, quick easy","$0.12","Thu Jan 02 23:06:03 GMT 2014","10","BatchId:1375124;","3600","28800","Thu Jan 09 23:06:03 GMT 2014","","","24IIHPCGJ2D2569YC580MPPS8JI39T","A17Z6G1TRE4322","Submitted","Thu Jan 02 23:16:21 GMT 2014","Thu Jan 02 23:16:48 GMT 2014","Thu Jan 02 23:16:48 PST 2014","","","","27","0% (0/0)","0% (0/0)","0% (0/0)","First-Line Supervisors of Sales Workers","5","5","|","","","40","3_10","","","","100","2","","","StayTheSame","9","9;"
"2GRRNDWIOV1SBAT5K17U43YDB4JHWM","2CDI62NJQ2176HFBXPXBNLCVEPRNVR","Offer your opinions about a number of occupations","For each occupation, tell me some of your opinions about that occupatation (no research required)","survey, quick easy","$0.12","Thu Jan 02 23:06:03 GMT 2014","10","BatchId:1375124;","3600","28800","Thu Jan 09 23:06:03 GMT 2014","","","2GYRLPHIT3HV0S1MPETNMQ21XJXAIF","A341G96EYJLBKF","Submitted","Thu Jan 02 23:11:46 GMT 2014","Thu Jan 02 23:12:18 GMT 2014","Thu Jan 02 23:12:18 PST 2014","","","","32","0% (0/0)","0% (0/0)","0% (0/0)","First-Line Supervisors of Sales Workers","3","4","|","","","45","3_10","","","","90","4","","","StayTheSame","12","12;"